{
	"resources": [{
		"name": "controller/App.controller.js"
	}, {
		"name": "controller/BaseController.js"
	}, {
		"name": "controller/Detail.controller.js"
	}, {
		"name": "controller/ErrorHandler.js"
	}, {
		"name": "controller/ListSelector.js"
	}, {
		"name": "controller/Master.controller.js"
	}, {
		"name": "controller/CreateSncReq.controller.js"
	}, {
		"name": "controller/DataHelper.js"
	}, {
		"name": "i18n/i18n.properties",
		"raw": "i18n/i18n.properties"
	}, {
		"name": "i18n/i18n_ar.properties",
		"raw": "i18n/i18n.properties"
	}, {
		"name": "localService/metadata.xml"
	}, {
		"name": "localService/mockserver.js"
	}, {
		"name": "model/formatter.js"
	}, {
		"name": "model/grouper.js"
	}, {
		"name": "model/models.js"
	}, {
		"name": "test/integration/pages/App.js"
	}, {
		"name": "test/integration/pages/Browser.js"
	}, {
		"name": "test/integration/pages/Common.js"
	}, {
		"name": "test/integration/pages/Detail.js"
	}, {
		"name": "test/integration/pages/Master.js"
	}, {
		"name": "test/integration/pages/NotFound.js"
	}, {
		"name": "test/integration/AllJourneys.js"
	}, {
		"name": "test/integration/BusyJourney.js"
	}, {
		"name": "test/integration/BusyJourneyPhone.js"
	}, {
		"name": "test/integration/FLPIntegrationJourney.js"
	}, {
		"name": "test/integration/MasterJourney.js"
	}, {
		"name": "test/integration/NavigationJourney.js"
	}, {
		"name": "test/integration/NavigationJourneyPhone.js"
	}, {
		"name": "test/integration/NotFoundJourney.js"
	}, {
		"name": "test/integration/NotFoundJourneyPhone.js"
	}, {
		"name": "test/integration/opaTests.qunit.html"
	}, {
		"name": "test/integration/opaTestsPhone.qunit.html"
	}, {
		"name": "test/integration/PhoneJourneys.js"
	}, {
		"name": "test/unit/controller/App.controller.js"
	}, {
		"name": "test/unit/controller/ListSelector.js"
	}, {
		"name": "test/unit/model/formatter.js"
	}, {
		"name": "test/unit/model/grouper.js"
	}, {
		"name": "test/unit/model/models.js"
	}, {
		"name": "test/unit/allTests.js"
	}, {
		"name": "test/unit/unitTests.qunit.html"
	}, {
		"name": "test/test.html"
	}, {
		"name": "test/testFLP.html"
	}, {
		"name": "test/testFLPService.html"
	}, {
		"name": "test/testsuite.qunit.html"
	}, {
		"name": "view/App.view.xml"
	}, {
		"name": "view/Detail.view.xml"
	}, {
		"name": "view/DetailNoObjectsAvailable.view.xml"
	}, {
		"name": "view/DetailObjectNotFound.view.xml"
	}, {
		"name": "view/Master.view.xml"
	}, {
		"name": "view/NotFound.view.xml"
	}, {
		"name": "view/ViewSettingsDialog.fragment.xml"
	}, {
		"name": "view/ChooseForDialog.fragment.xml"
	}, {
		"name": "view/CreateSncReq.view.xml"
	}, {
		"name": "Component.js"
	}, {
		"name": "CSS/style.css"
	}, {
		"name": "Component-preload.js",
		"merged": true
	}, {
		"name": "neo-app.json"
	}]
}